{"current":{"general_layout":"cus","cus_w_bd":1360,"body_bg":"#fff","body_bg_image":"","body_bg_repeat":"default","body_bg_size":"default","body_bg_attachment":"default","body_bg_position":"default","home_keywords":"Kalles shopify, Fastest, Ajax Shop, Minimal, Lazyload","shop_author":"The4","global_acc":"","use_rtl":false,"backtop":"1","backtop_des":"1","prevent_copying":false,"falling_snow":false,"catalog_mode":false,"enable_toolbar":true,"enable_new_pp":false,"enable_pro_pr_pp":true,"enable_ck_pp":false,"enable_age_pp":false,"enable_salse_pp":true,"enable_salse_pp_mb":false,"platform_email":"1","klaviyo_list_id":"","ajax_klaviyo":true,"action_mailchimp":"","ajax_mailChimp":true,"checkbox_mail":false,"link_mail":"","enable_growave":false,"enable_infiniteoptions":true,"wishlist_type":"1","wis_atc_added":"1","enable_compe":false,"app_review":"1","label_settings":"rounded","use_sale_label":true,"label_sale_style":"2","use_sold_out_label":true,"use_new_label":false,"new_day_added":10,"c_1":"","c_2":"","c_3":"","c_4":"","timezone":"","enable_meta":true,"enable_tag":true,"filter_price_list":"$7-$50, $50-$150, $150-$500","logo_svg":"Smart_Hygeia_Updated.svg","logo":"shopify:\/\/shop_images\/Smart_Hygeia_2.png","logo_retina":"","logo_width":170,"logos":"","logos_retina":"","logos_width":170,"logo_mb":"","logo_mb_retina":"","logo_mb_width":165,"logo_tr_svg":"","logo_tr":"","logo_tr_retina":"","logo_tr_width":100,"h_banner":false,"h_topbar":false,"full_header":true,"sticky_header":true,"scroll_header":false,"header_design":"3","h_transparent":false,"h_tr_top":false,"h_navmb":62,"mb_cat":true,"only_icon":false,"first_cat":false,"h__bgimg":"","bgnav":"#e3e7f1","opnav":100,"clnav":"#40494b","bgnavst":"#e3e7f1","opnavst":100,"clnavst":"#40494b","bgnavtr":"#e3e7f1","opnavtr":40,"clnavtr":"#40494b","h_icon":"iccl","show_search":true,"show_wis":true,"show_acc":true,"cart_des":"4","bg_hc":"#00badb","cl_hc":"#ffffff","dark":false,"btnt4_style":"2","cl_bd_text":"#878787","color_primary":"#ffedfd","cl_hd":"#222","cl_se_tt":"#222","cl_se_subtt":"#878787","ld_bar":"#ffedfd","cl_sale":"#ff4e00","cl_new":"#109533","cl_sold_out":"#999","clpr_tt":"#222","clpr_price":"#696969","clpr_price_sale":"#ec0101","clpr_price_goc":"#878787","atw_btn":"#fff","bgqv_btn":"#fff","qv_btn":"#222","bgqv_btn_hover":"#222","qv_btn_hover":"#fff","bgatc_btn":"#fff","atc_btn":"#222","bgatc_btn_hover":"#222","atc_btn_hover":"#fff","bgatc_pg":"#56cfe1","atc_pg":"#fff","bgatc_pg_hover":"#222","atc_pg_hover":"#fff","bgck_btn":"#000","ck_btn":"#fff","bgck_btn_hover":"#222","ck_btn_hover":"#fff","cl_tooltip":"#383838","cl_tooltip_txt":"#fff","cl_lazyload":"#56cfe1","bg_lazyload":"#f5f5f5","use_cus_lz":false,"cus_lz":"","size_cus_lz":60,"font_source":"2","fnt_bd":"poppins_n4","fnt_heading":"poppins_n4","fnt_sub_tt":"poppins_n4","fnt_bd2":"Sora","fnt_heading2":"Sora","fnt_sub_tt2":"Inter","fnt_df_bd":"3","size_bd_text":14,"fw_bd":400,"bd_line_height":1.7,"hd_letter_spacing":0,"fw_hd":500,"hd_line_height":1.4,"ls_hd":0,"fs_nav":14,"fw_nav":400,"ls_nav":0,"size_se_tt":24,"fw_se_tt":600,"lh_se_tt":0,"ls_se_tt":0,"size_se_tt_mb":24,"fw_se_tt_mb":600,"lh_se_tt_mb":0,"ls_se_tt_mb":0,"size_se_stt":14,"fw_se_stt":400,"lh_se_stt":0,"ls_se_stt":0,"size_se_stt_mb":14,"fw_se_stt_mb":400,"lh_se_stt_mb":0,"ls_se_stt_mb":0,"txt_tr_pr":"capitalize","size_pr":14,"size_price_pr":14,"fw_pr":500,"ls_pr":0,"space_pr":15,"shop_layout":"default","shop_des":"default","cat_des":"2","shop_sidebar":"none","shop_size_sidebar":"2","use_hidden_cat":false,"space_sidebar":30,"ajax_shop":true,"ajax_scroll_top":false,"show_column_switch":false,"show_list_switch":false,"default_list_view":false,"sort_enable":true,"cat_sticky":true,"show_pr_sub":true,"shop_filters":false,"pop_style":"pop_default","type_filters":"1","logic_filter":"1","auto_hide_ofsock":false,"show_hide_ofsock":false,"pr_layout":"default","design_products":"1","size_img_pr":"2","nav_img_pr":"medium","use_sticky_des":false,"main_click":"zoom","zoom_tp":"2","pswp_tp":"light","show_zoom_img":true,"des_pr_design":"1","des_pr_layout":"1","pr_sidebar":"none","pr_sidebar_full":false,"pr_size_sidebar":"2","pr_curent":"3","fbt_pos":"1","show_first_img":false,"use_vimg":true,"sticky_atc":true,"social_pr":true,"enable_vlooping":true,"use_fimg":false,"color_ck":"","use_clicking_vimg":false,"enable_his":false,"pr_incoming_mess":false,"date_in":"3","remove_sold_out":false,"use_notify_me":true,"breadcrumb_pr":true,"back_next_pr":true,"ratio_img_main":"ratio_imgtrue","img_size_main":"nt_contain","img_pos_main":"8","ratio_img_thumb":"ratio_imgtrue","img_size_thumb":"nt_cover","img_pos_thumb":"8","share_source":"2","use_quickview":true,"use_pr_rating":false,"hide_btns":false,"bordered_grid2":"1","des_btns_pr":"2","sw_limit":false,"price_format":"1","show_pr_img":"2","hover_img":"2","pr_overlay":10,"use_quickshop":true,"use_buy_qs":true,"swatch_design":"2","style_color":"1","swatch_style":"1","swatch_size":"medium","show_pr_color":true,"show_color_type":"1","pr_swatch_setting":"1","swatch_home_size":"small","swatch_style_settings":"rounded","show_pr_size":true,"show_size_type":"1","size_ck":"","min_qty":"0","edit_item":"0","use_cart_cd":true,"cart_unit":"hrs","cart_time":60,"cart_pos":"side","after_action_atc":"3","search_pos":"canvas","ajax_search":true,"filter_type_search":false,"only_search_prs":true,"unavailable_prs":"last","prefix":"none","show_search_suggest":false,"search_prs_suggest":"","blog_layout":"default","blog_sidebar":"none","blog_size_sidebar":"2","blog_slider":true,"lr_enable":true,"use_privacy_policy":false,"privacy_policy_link":"","login_side":true,"checkout_url":"","growave_social_login":false,"free_ship_pr":"","shipconfetti":true,"gift_wrap_pr":"","link_ship":"","link_conditions":"","ship_calc_df_country":"United States","map":"<iframe src=\"https:\/\/www.google.com\/maps\/embed?pb=!1m18!1m12!1m3!1d3154.8939060848147!2d144.81158271584684!3d-37.74563313792195!2m3!1f0!2f0!3f0!3m2!1i1024!2i768!4f13.1!3m3!1m2!1s0x6ad65fa6debeb781%3A0xe1d23f5d1759961e!2s184%20Main%20Rd%20E%2C%20St%20Albans%20VIC%203021%2C%20%C3%9Ac!5e0!3m2!1svi!2s!4v1618277125252!5m2!1svi!2s\" width=\"600\" height=\"450\" style=\"border:0;\" allowfullscreen=\"\" loading=\"lazy\"><\/iframe>","show_map":false,"show_locale_selector":true,"lang_pos":"0","show_multiple_currencies":true,"auto_currency":false,"currency_type":"1","flag_currency":true,"size_currency":"sm","currency_pos":"0","supported_currencies":"EUR - EUR | USD - USD | GBP - GBP| SEK -SEK","currency_format":"money_format","round_currency":false,"notify_currency":true,"mess_currency":"All charges are billed in {{ currency }}. While the content of your cart is currently displayed in <span class=\"selected-currency\"><\/span>, the checkout will use {{ currency }} at the most current exchange rate.","hover_currency":false,"custom_css":false,"global_css":"","desktop_css":"","tablet_mobile_css":"","tablet_css":"","mobile_css":"","custom_js":false,"share_image":"","share_facebook":true,"share_twitter":true,"share_pinterest":true,"share_tumblr":true,"share_email":true,"share_telegram":true,"share_whatsapp":false,"social_facebook_link":"#","social_twitter_link":"#","social_instagram_link":"#","social_dribbble_link":"","social_linkedin_link":"#","social_pinterest_link":"#","social_tumblr_link":"","social_youtube_link":"","social_behance_link":"","social_soundcloud_link":"","favicon":"shopify:\/\/shop_images\/Smart_Hygeia_Updated-svg.png","favicon_apple":"","checkout_logo_image":"shopify:\/\/shop_images\/Smart_Hygeia_Updated.svg","checkout_logo_position":"left","checkout_logo_size":"large","checkout_body_background_image":"","checkout_body_background_color":"#ffedfd","checkout_input_background_color_mode":"white","checkout_sidebar_background_image":"","checkout_sidebar_background_color":"#fafafa","checkout_heading_font":"-apple-system, BlinkMacSystemFont, 'Segoe UI', Roboto, Helvetica, Arial, sans-serif, 'Apple Color Emoji', 'Segoe UI Emoji', 'Segoe UI Symbol'","checkout_body_font":"-apple-system, BlinkMacSystemFont, 'Segoe UI', Roboto, Helvetica, Arial, sans-serif, 'Apple Color Emoji', 'Segoe UI Emoji', 'Segoe UI Symbol'","checkout_accent_color":"#000000","checkout_button_color":"#000000","checkout_error_color":"#e32c2b","enable_import":true,"use_eq_thumb_height":false,"img_ratio_thumb":"ratio_nt","use_eq_nav_height":false,"img_ratio_nav":"ratio_nt","img_size_nav":"nt_cover","img_pos_nav":"8","hide_currency":false,"remove_currency":false,"sup_currency":false,"fv_counter":false,"favicon_animation":"pop","fv_bgcolor":"#56cfe1","fv_txtcolor":"#ffffff","enable_pro_pp":false,"operation_days":"Mon:1700-2100,Tue:1700-2100,Wed:1700-2200,Thu:1700-2200,Fri:1700-2300,Sat:1200-2300,Sun:1200-2100","timezones":"America\/Los_Angeles","sale_cl":"#ec0101","color_body_text":"#555555","color_price_sale":"#ec0101","color_lazyload":"#f5f5f5","color_secondary":"#1b1919","color_sale":"#ff4e00","color_new":"#56cfd9","color_sold_out":"#999","color_btn_slider":"#f76b6a","color_btn_slider_text":"#fff","color_btn_add":"#f76b6a","color_btn_add_text":"#fff","color_btn_qv":"#383838","color_btn_qv_text":"#fff","color_btn_vc":"#2d2d2d","color_btn_vc_text":"#fff","color_btn_ck":"#f76b6a","color_btn_ck_text":"#fff","color_threshold_bar":"#ff4b4b","color_ship":"#f76b6a","color_ship_bar":"#95bf47","color_add_page":"#f76b6a","color_add_page_text":"#fff","color_add_sticky":"#f76b6a","color_add_sticky_text":"#fff","border_color_tab":"#f76b6a","color_mbnav":"#f76b6a","color_mbnav_text":"#fff","color_vernav":"#f76b6a","color_vernav_text":"#fff","color_btn_now":"#000","color_btn_now_text":"#fff","color_input_new":"#333333","color_sign_up":"#f76b6a","color_sign_up_text":"#fff","color_backtop":"#f76b6a","color_backtop_text":"#fff","color_tooltip":"#383838","color_tooltip_text":"#fff","font_body_text":"poppins_n4","size_body_text":14.5,"body_line_height":1.2,"font_heading":"poppins_n4","titles_line_height":1.4,"size_heading":36,"size_text_h1":28,"size_text_h2":24,"size_text_h3":22,"size_text_h4":18,"size_text_h5":16,"size_text_h6":12,"fnt_sub_title":"libre_baskerville_i4","show_back_next_pr":true,"upsell_cart":"","show_custom_css":false,"show_custom_js":false,"color_sale_50":"#ff4e00","show_inline_t4css":true,"sections":{"header_top":{"type":"header_top","blocks":{"header_top-0":{"type":"text","disabled":true,"settings":{"text":"<i class=\"pegk pe-7s-call\"><\/i> +01 23456789 <i class=\"pegk pe-7s-mail ml__15\"><\/i> <a class=\"cg\" href=\"mailto:kalles@domain.com\">Kalles@domain.com<\/a>","hide":false,"col":"4"}},"header_top-1":{"type":"text","disabled":true,"settings":{"text":"Summer sale discount off <span class=\"cr\">50%<\/span>! <a href=\"\/collections\/trending\">Shop Now<\/a>","hide":false,"col":"4"}},"header_top-2":{"type":"cur","disabled":true,"settings":{"hide":false,"col":"4"}}},"block_order":["header_top-0","header_top-1","header_top-2"],"settings":{"height":41,"fontsize":12,"cl":"#878787","cl_a":"#222222","cl_cr":"#ec0101","bg":"#f6f6f8","bg_op":100,"show_border":false,"bd_cl":"#000000","cl_tr":"#ffffff","cl_a_tr":"#ffffff","cl_cr_tr":"#ec0101","bg_tr":"#000000","bg_op_tr":10,"show_border_tr":false,"bd_cl_tr":"#b3b3b3"}},"header_3":{"type":"header_3","blocks":{"1a896a28-1658-4bb8-a8c3-88b0688d639e":{"type":"simple","settings":{"title":"Products","url":"shopify:\/\/collections\/all","open_link":"_self","icon":"","cus_cl":false,"cl":"#ec0101","lb":"","lb_cl":""}},"661a57b3-2ff3-415c-9da9-e76bb36df8ee":{"type":"simple","settings":{"title":"About Us","url":"\/pages\/about-us","open_link":"_self","icon":"","cus_cl":false,"cl":"#ec0101","lb":"","lb_cl":""}},"1890844a-9b60-4980-ad22-3329c0200682":{"type":"simple","settings":{"title":"Combos","url":"shopify:\/\/collections\/combos","open_link":"_self","icon":"","cus_cl":false,"cl":"#ec0101","lb":"","lb_cl":""}},"355fa178-2420-4e13-96c4-2aa16299c4c8":{"type":"simple","settings":{"title":"Bestseller","url":"shopify:\/\/collections\/best-selling","open_link":"_self","icon":"","cus_cl":false,"cl":"#ec0101","lb":"","lb_cl":""}},"04bea2f7-72db-4207-bb1e-110eac42261e":{"type":"simple","settings":{"title":"Blogs","url":"shopify:\/\/blogs\/news","open_link":"_self","icon":"","cus_cl":false,"cl":"#ec0101","lb":"","lb_cl":""}},"e8460c37-3350-47a8-8b1b-4188960cc63c":{"type":"simple","settings":{"title":"Take a Quick Survey!","url":"shopify:\/\/pages\/smart-hygiea-survey","open_link":"_self","icon":"","cus_cl":false,"cl":"#ec0101","lb":"","lb_cl":""}}},"block_order":["1a896a28-1658-4bb8-a8c3-88b0688d639e","661a57b3-2ff3-415c-9da9-e76bb36df8ee","1890844a-9b60-4980-ad22-3329c0200682","355fa178-2420-4e13-96c4-2aa16299c4c8","04bea2f7-72db-4207-bb1e-110eac42261e","e8460c37-3350-47a8-8b1b-4188960cc63c"],"settings":{"height":70,"arrow":true,"align":"tr","hover":"hover_side_up"}},"footer_top":{"type":"footer_top","blocks":{"04a665cc-e11c-45da-9a0d-a6fc72ac83f9":{"type":"html","settings":{"title":"","content":"<img class=\"w__100 logo_mobile dn_lg\" src=\"https:\/\/cdn.shopify.com\/s\/files\/1\/0727\/1605\/8917\/files\/Smart_Hygeia_Updated.svg?v=10102865574191070353\" alt=\"Smart  Hygiea\" style=\"width: 160px\">\n<img class=\"w__100 logo_normal dn db_lg\" src=\"https:\/\/cdn.shopify.com\/s\/files\/1\/0727\/1605\/8917\/files\/Smart_Hygeia_Updated.svg?v=10102865574191070353\" alt=\"Smart  Hygiea\" style=\"width: 270px\">\n<p style=\"margin-top:15px;font-size:16px\">All rights are reserved by <\/p>","order":"1","cl":"4","cl_tb":"6","cl_mb":"12"}},"1581507819652":{"type":"logo","disabled":true,"settings":{"align":"tl_md","align_mb":"tl","logo_width":95,"title":"Get in touch","content":"<p><i class=\"pegk pe-7s-map-marker\"> <\/i><span>Smart Hygeia, 702, Park Avenue,<br> <span class=\"pl__30\">New Colony,Nagpur-440001 <\/span><\/span><\/p><p><i class=\"pegk pe-7s-mail\"><\/i><span> <a href=\"mailto:smarthygeia@gmail.com\">smarthygeia@gmail.com<\/a><\/span><\/p><p><i class=\"pegk pe-7s-call\"><\/i> <span>\n<a href=\"tel:91%2093705%2076817\">+91 93705 76817<\/a><\/span><\/p>","social_mode":"3","order":"1","cl":"3","cl_tb":"6","cl_mb":"12"}},"1581507824602":{"type":"menu","settings":{"title":"Accounts","menu":"accounts","order":"1","cl":"15","cl_tb":"6","cl_mb":"12"}},"1581507828337":{"type":"menu","settings":{"title":"Quick Links","menu":"quick-links","order":"1","cl":"2","cl_tb":"6","cl_mb":"12"}},"1581507835369":{"type":"mail","settings":{"newl_des":"1","btn_icon":false,"title":"Newsletter Signup","sub_title":"Join our community and stay up-to-date on the latest news and trends","source":"1","svg":"amazon_payments,american_express,apple_pay,bitcoin,dankort,diners_club,discover,dogecoin,dwolla,forbrugsforeningen,interac,google_pay,jcb,klarna,klarna-pay-later,litecoin,maestro,master,paypal,shopify_pay,sofort,visa","height":30,"order":"1","cl":"3","cl_tb":"6","cl_mb":"12"}}},"block_order":["04a665cc-e11c-45da-9a0d-a6fc72ac83f9","1581507819652","1581507824602","1581507828337","1581507835369"],"settings":{"sticky":false,"accordions":true,"border":false,"bd_cl":"#ededed","cl_h":"#ffffff","cl":"#ffffff","cl_a":"#ffffff","cl_hover":"#ffedfd","cl_ip":"#ffffff","bd_ip":"#ffffff","cl_btn":"#ffedfd","bg":"#000000","bg_repeat":"no-repeat","bg_size":"cover","bg_att":"scroll","bg_pos":"center center","cl_overlay":"#000000","cl_opacity":0}},"footer_bot":{"type":"footer_bot","blocks":{"1581507860120":{"type":"copy","settings":{"text":"Copyright © [year] Smart Hygiea"}}},"block_order":["1581507860120"],"settings":{"layout":"12","bg":"#ffffff","cl":"#878787","cl_a":"#878787","cl_hover":"#56cfe1"}},"nt_custom_color":{"type":"nt_custom_color","blocks":{"1581560115613":{"type":"bg_color","settings":{"title":"White Cream","color_1_c":"#ffffff","color_2_c":"#000000","color_img":true}},"1581560307303":{"type":"bg_color","settings":{"title":"Pink Clay","color_1_c":"#fcc6de","color_2_c":"#aa8a6c","color_img":true}}},"block_order":["1581560115613","1581560307303"],"settings":{}},"cart_widget":{"type":"cart_widget","blocks":{"cart_widget-0":{"type":"price","settings":{}},"cart_widget-1":{"type":"tax","settings":{}},"cart_widget-2":{"type":"agree","settings":{}},"cart_widget-3":{"type":"btnc","settings":{}},"cart_widget-4":{"type":"btnck","settings":{}},"cart_widget-5":{"type":"btnmr","settings":{}},"cart_widget-6":{"type":"img","settings":{}},"cart_widget-7":{"type":"btn","settings":{"title":"Return To Shop","url":"","style":"primary tu"}}},"block_order":["cart_widget-0","cart_widget-1","cart_widget-2","cart_widget-3","cart_widget-4","cart_widget-5","cart_widget-6","cart_widget-7"],"settings":{"style":"1","pos":"2","enable_pr":false,"calc_ship":false,"show_note":true,"show_rates":false,"show_discount":true,"show_gift_wrap":false}},"mb_nav":{"type":"mb_nav","blocks":{"mb_nav-0":{"type":"menu","settings":{"title":"Products","url":"shopify:\/\/collections\/all","open_link":"_self","menu":"","icon":"","lb":"","lb_cl":""}},"mb_nav-1":{"type":"menu","settings":{"title":"About us","url":"\/pages\/about-us","open_link":"_self","menu":"","icon":"","lb":"","lb_cl":"#00badb"}},"mb_nav-2":{"type":"menu","settings":{"title":"Combos","url":"shopify:\/\/collections\/combos","open_link":"_self","menu":"","icon":"","lb":"","lb_cl":""}},"1585642902196":{"type":"menu","settings":{"title":"Bestseller","url":"shopify:\/\/collections\/best-selling","open_link":"_self","menu":"","icon":"","lb":"Sale","lb_cl":""}},"1585642908420":{"type":"menu","settings":{"title":"Blogs","url":"shopify:\/\/blogs\/news","open_link":"_self","menu":"","icon":"","lb":"","lb_cl":""}},"fa5f8c41-bdab-459f-83c8-21580aa76efb":{"type":"menu","settings":{"title":"Take a Quick Survey!","url":"shopify:\/\/pages\/smart-hygiea-survey","open_link":"_self","menu":"","icon":"","lb":"","lb_cl":""}},"ff310f3a-6057-4d51-9f3e-c5a3ef803995":{"type":"menu","settings":{"title":"Contact Us","url":"shopify:\/\/pages\/contact","open_link":"_self","menu":"","icon":"","lb":"","lb_cl":""}},"mb_nav-4":{"type":"wis","settings":{}},"mb_nav-5":{"type":"sea","settings":{}},"mb_nav-6":{"type":"acc","settings":{}},"mb_nav-7":{"type":"help","disabled":true,"settings":{"title":"Need help?","text":"<i class=\"pegk pe-7s-call fwb mr__10\"><\/i><a class=\"cg\" href=\"tel:+91%2093705%2076817\">+91 93705 76817<\/a><br><i class=\"pegk pe-7s-mail fwb mr__10\"><\/i><a class=\"cg\" href=\"mailto:smarthygeia@gmail.com\">smarthygeia@gmail.com<\/a>"}},"mb_nav-8":{"type":"cur","disabled":true,"settings":{}},"1599620808818":{"type":"lang","disabled":true,"settings":{}}},"block_order":["mb_nav-0","mb_nav-1","mb_nav-2","1585642902196","1585642908420","fa5f8c41-bdab-459f-83c8-21580aa76efb","ff310f3a-6057-4d51-9f3e-c5a3ef803995","mb_nav-4","mb_nav-5","mb_nav-6","mb_nav-7","mb_nav-8","1599620808818"],"settings":{}},"mb_cat":{"type":"mb_cat","blocks":{"1585641915360":{"type":"cat","settings":{"cat":"best-selling","title":"Bestseller","url":"","menu":"","lb":"","lb_cl":"#e91e63","icons_op":"0","icon":"female"}},"1585642130935":{"type":"cat","settings":{"cat":"frontpage","title":"Combos","url":"","menu":"","lb":"","lb_cl":"#e91e63","icons_op":"0","icon":"male"}},"1585642167981":{"type":"cat","disabled":true,"settings":{"cat":"","title":"Watches","url":"","menu":"","lb":"","lb_cl":"#e91e63","icons_op":"2","icon":"clock"}},"1585642277236":{"type":"cat","disabled":true,"settings":{"cat":"","title":"Acessories","url":"","menu":"","lb":"","lb_cl":"#e91e63","icons_op":"2","icon":"glasses"}},"1585642450066":{"type":"cat","disabled":true,"settings":{"cat":"new-fashion","title":"","url":"","menu":"","lb":"","lb_cl":"#e91e63","icons_op":"2","icon":"camera-retro"}},"1585642600575":{"type":"cat","disabled":true,"settings":{"cat":"","title":"Shoes","url":"","menu":"","lb":"","lb_cl":"#e91e63","icons_op":"2","icon":"shoe-prints"}},"1585642629333":{"type":"cat","disabled":true,"settings":{"cat":"","title":"Jewellery","url":"","menu":"","lb":"","lb_cl":"#e91e63","icons_op":"2","icon":"gem"}}},"block_order":["1585641915360","1585642130935","1585642167981","1585642277236","1585642450066","1585642600575","1585642629333"],"settings":{}},"toolbar_mobile":{"type":"toolbar_mobile","blocks":{"toolbar_mobile-0":{"type":"shop","settings":{"title":"Shop","link":""}},"1581912867486":{"type":"filter","settings":{"title":"Filter"}},"toolbar_mobile-1":{"type":"wish","settings":{"title":"Wishlist"}},"toolbar_mobile-2":{"type":"cart","settings":{"title":"Cart"}},"toolbar_mobile-3":{"type":"account","settings":{"title":"Account"}},"toolbar_mobile-4":{"type":"search","settings":{"title":"Search"}},"a61e97a4-8967-4623-bff9-833ce2d1e756":{"type":"compe","settings":{"title":"Compare"}}},"block_order":["toolbar_mobile-0","1581912867486","toolbar_mobile-1","toolbar_mobile-2","toolbar_mobile-3","toolbar_mobile-4","a61e97a4-8967-4623-bff9-833ce2d1e756"],"settings":{"show_txt":true}},"1581505838591":{"type":"featured_collection","settings":{"title":"Best Sellers for #HappyPeriods","sub_title":"","sub_font":"2","btn_title":"See all products","style_title":"title_1","ic_tt":"gem","show_clpr":false,"collection":"best-selling","limit":4,"space":30,"use_pagination":"more","use_bar_lm":false,"btn_rd":true,"btn_icon":false,"btn_style":"default","col_pr":"3","col_pr_tb":"3","col_pr_mb":"6","pr_des":"2","show_vendor":false,"use_cdt":false,"round_cd":false,"cdt_des":"5","use_eq_height":false,"image_ratio":"ratio_cus1","image_size":"nt_contain","image_position":"8","hidden":false,"cp_code":false,"layout":"container","cl_bg":"rgba(0,0,0,0)","mg":",,90px,","pd":"","mg_mb":",,60px,","pd_mb":""}},"1581507980761":{"type":"banner","blocks":{"1581507980761-0":{"type":"image","settings":{"image":"shopify:\/\/shop_images\/ads_Banner_2.jpg","img_align":"center","url":"shopify:\/\/collections\/all","open_link":"_self","cat_design":"1","title":"","title_2":"","txt_align":"tc","banner_align":"fl_center"}},"1581507980761-1":{"type":"image","settings":{"image":"shopify:\/\/shop_images\/ads_Banner_1_f17db44d-f59f-4bf5-89a8-76e67211f416.jpg","img_align":"center","url":"shopify:\/\/collections\/best-selling","open_link":"_self","cat_design":"2","title":"","title_2":"","txt_align":"tc","banner_align":"fl_center"}}},"block_order":["1581507980761-0","1581507980761-1"],"settings":{"title":"Special Offers","sub_title":"","sub_font":"2","style_title":"title_1","ic_tt":"gem","show_clpr":false,"cat_space":"30","image_ratio":"auto","col":"6","col_md":"6","col_mb":"12","hoverz":false,"use_shadow":false,"cl_txt":"#ffffff","cl_overlay":"#000000","cl_opacity":0,"layout":"container","cl_bg":"","mg":",,80px,","pd":"","mg_mb":",,60px,","pd_mb":""}},"1581507993250":{"type":"featured_collection","settings":{"title":"New Arrivals Products","sub_title":"","sub_font":"2","btn_title":"See all products","style_title":"title_1","ic_tt":"gem","show_clpr":false,"collection":"new-arrivals","limit":4,"space":30,"use_pagination":"none","use_bar_lm":true,"btn_rd":true,"btn_icon":false,"btn_style":"default","col_pr":"3","col_pr_tb":"3","col_pr_mb":"6","pr_des":"1","show_vendor":false,"use_cdt":false,"round_cd":false,"cdt_des":"1","use_eq_height":false,"image_ratio":"ratio_nt","image_size":"nt_cover","image_position":"8","hidden":false,"cp_code":false,"layout":"container","cl_bg":"","mg":",,80px,","pd":"","mg_mb":",,60px,","pd_mb":""}},"1581508031759":{"type":"featured_blog","settings":{"title":"New Articles and Blogs","sub_title":"","sub_font":"2","btn_title":"See all posts","style_title":"title_1","ic_tt":"pencil-alt","show_clpr":false,"layout_des":"2","art_des":"1","blog":"news","limit":7,"use_pagination":"none","use_bar_lm":true,"btn_rd":true,"btn_icon":true,"btn_style":"default","date":"date","col_pr":"4","col_pr_tb":"4","col_pr_mb":"12","show_cnt":false,"show_au":false,"show_dt":true,"show_cm":true,"show_rm":false,"loop":true,"au_time":0,"au_hover":false,"button":false,"btn_vi":"1","btn_owl":"1","btn_color":"1","dot":true,"dot_owl":"1","dot_color":"1","use_eq_height":true,"image_ratio":"ratio4_3","image_size":"nt_cover","image_position":"8","layout":"container","cl_bg":"#ffffff","mg":",,85px,","pd":"","mg_mb":",,60px,","pd_mb":""}},"1581530479619":{"type":"shipping","disabled":true,"blocks":{"1581530479619-0":{"type":"shipping","settings":{"icon":"pe-7s-car","title":"FREE SHIPPING","text":"Free shipping on all US order or order above $100"}},"1581530479619-1":{"type":"shipping","settings":{"icon":"pe-7s-help2","title":"SUPPORT 24\/7","text":"Contact us 24 hours a day, 7 days a week"}},"1581530479619-2":{"type":"shipping","settings":{"icon":"pe-7s-refresh","title":"30 DAYS RETURN","text":"Simply return it within 30 days for an exchange."}},"1581530479619-3":{"type":"shipping","settings":{"icon":"pe-7s-door-lock","title":"100% PAYMENT SECURE","text":"We ensure secure payment with PEV"}}},"block_order":["1581530479619-0","1581530479619-1","1581530479619-2","1581530479619-3"],"settings":{"source":"pegk","icon_des":"deafult","icon_align":"tl","icon_size":"medium","col_pr":"3","col_pr_tb":"6","col_mb":"fl_nowrap","layout":"container","cl_bg":"#ffffff","border":false,"cl_bd":"#dddddd","cl_ic":"#9e9e9e","cl_hd":"#222222","cl_cot":"#878787","mg":"50px,,,","pd":"","mg_mb":"","pd_mb":""}},"header_banner":{"type":"header_banner","settings":{"link":"","text":"Today deal sale off <strong>70% <\/strong>. End in [countdown].  Hurry Up <i class=\"las la-arrow-right\"><\/i>","countdown":"2021\/04\/19","dayx":0,"effect":"1","au_time":1,"height":41,"fontsize":12,"cl":"#ffffff","bg":"#e91e63","bg_op":100,"show_close":true,"show_icon":false,"txt_btn":"close","cl_btn":"#ffffff","ver":1,"date":60}},"cat_shop":{"type":"cat_shop","blocks":{"1585708473928":{"type":"cat","settings":{"collection":"","icon":""}},"1585708487707":{"type":"cat","settings":{"collection":"","icon":""}},"1585708576212":{"type":"cat","settings":{"collection":"","icon":""}},"1585708497192":{"type":"cat","settings":{"collection":"","icon":""}},"1585708590448":{"type":"cat","settings":{"collection":"","icon":""}},"1585708599819":{"type":"cat","settings":{"collection":"","icon":""}},"1585708606287":{"type":"cat","settings":{"collection":"","icon":""}},"1585708650045":{"type":"cat","settings":{"collection":"","icon":""}},"1585708658170":{"type":"cat","settings":{"collection":"","icon":""}},"1585708665193":{"type":"cat","settings":{"collection":"","icon":""}},"1585708676694":{"type":"cat","settings":{"collection":"","icon":""}}},"block_order":["1585708473928","1585708487707","1585708576212","1585708497192","1585708590448","1585708599819","1585708606287","1585708650045","1585708658170","1585708665193","1585708676694"],"settings":{"shown":true,"source":"2","sort":"alphabetical"}},"cat_heading":{"type":"cat_heading","blocks":{"cat_heading-0":{"type":"1","settings":{}},"cat_heading-1":{"type":"2","settings":{}}},"block_order":["cat_heading-0","cat_heading-1"],"settings":{"shown":true,"use_specify_image":true,"parallax":true,"color":"#ffedfd","overlay":100,"padding":99,"bg_pos":"center center","bg_repeat":"no-repeat","bg_size":"cover","bg_att":"scroll"}},"nt_filter":{"type":"nt_filter","blocks":{"1581909372373":{"type":"color","settings":{"hidden_block":false,"title":"By Color","arra_enter":"Red,White,Brown,Blue, Black, Green, Grey, Sliver,Pink","use_auto_filter_tag":true,"key":"Color"}},"1581914074326":{"type":"other","settings":{"hidden_block":false,"title":"By Price","arra_enter":"","use_auto_filter_tag":true,"key":"Price","style":"ck"}},"1581913909406":{"type":"other","settings":{"hidden_block":false,"title":"By Size","arra_enter":"","use_auto_filter_tag":true,"key":"Size","style":"ck"}},"1581913174211":{"type":"brand","settings":{"hidden_block":false,"title":"By Brand","arra_enter":"","use_auto_filter_tag":true,"key":"Vendor","style":"ck"}}},"block_order":["1581909372373","1581914074326","1581913909406","1581913174211"],"settings":{}},"collection_page":{"type":"collection_page","settings":{"limit":12,"space":30,"use_pagination":"infinite","use_bar_lm":true,"col_pr":"3","col_pr_tb":"3","col_pr_mb":"6","pr_des":"1","show_vendor":false,"use_cdt":false,"round_cd":false,"cdt_des":"1","use_eq_height":true,"image_ratio":"ratio1_1","image_size":"nt_cover","image_position":"8"}},"article-heading":{"type":"article-heading","blocks":{"article-heading-0":{"type":"1","settings":{}},"article-heading-1":{"type":"2","settings":{}},"article-heading-2":{"type":"3","settings":{}}},"block_order":["article-heading-0","article-heading-1","article-heading-2"],"settings":{"shown":true,"use_specify_image":true,"parallax":true,"color":"#ffedfd","overlay":0,"padding":100,"bg_pos":"center center","bg_repeat":"no-repeat","bg_size":"cover","bg_att":"scroll"}},"article-template":{"type":"article-template","blocks":{"article-template-0":{"type":"content","settings":{}},"article-template-1":{"type":"tags","settings":{}},"article-template-2":{"type":"social","settings":{"follow":false,"tooltip":true,"des":"2"}},"article-template-3":{"type":"nav","settings":{}},"article-template-4":{"type":"related","settings":{"title":"Related Articles","t_center":true,"limit":5,"date":"date","col_pr":"4","col_pr_tb":"4","col_pr_mb":"12","loop":false,"au_time":0,"au_hover":true,"button":true,"btn_vi":"2","btn_owl":"1","btn_color":"0","dot":true,"dot_owl":"1","dot_color":"1","use_eq_height":true,"image_ratio":"ratio4_3","image_size":"nt_cover","image_position":"8"}},"article-template-5":{"type":"comments","settings":{}}},"block_order":["article-template-0","article-template-1","article-template-2","article-template-3","article-template-4","article-template-5"],"settings":{}},"pr_summary":{"type":"pr_summary","blocks":{"pr_summary-0":{"type":"title","settings":{"size":16}},"pr_summary-1":{"type":"pricereview","settings":{"price":"0","rating":true}},"pr_summary-2":{"type":"des","settings":{"des":"2","page":"","length":31,"readm":false,"readm_txt":"Read more"}},"pr_summary-3":{"type":"frm","settings":{"ani":"shake","time":6,"btn_des":"1","btn_txt":"3","swatch_design":"2","style_color":"1","swatch_style":"1","swatch_size":"medium","show_qty":true,"btn_atc_full":false,"enable_payment_btn":true}},"1585709158220":{"type":"img","disabled":true,"settings":{"mess":"","size":16,"source":"1","al":"tl","wimg":60,"svg":"amazon_payments,american_express,apple_pay,bitcoin,dankort","height":50}},"pr_summary-4":{"type":"size","settings":{"size_chart":"1","sc_type":"1","page":"","image":"shopify:\/\/shop_images\/Size_Chart_2.png","size_ck":"","delivery":true,"page_dr":"exchange-refund","ask":true}},"pr_summary-5":{"type":"meta","settings":{"show_pr_vendor":true,"show_sku":false,"show_available":true,"show_category_product":false,"show_tag_product":false}},"pr_summary-6":{"type":"social","disabled":true,"settings":{"class":"tdf"}}},"block_order":["pr_summary-0","pr_summary-1","pr_summary-2","pr_summary-3","1585709158220","pr_summary-4","pr_summary-5","pr_summary-6"],"settings":{}},"pr_description":{"type":"pr_description","blocks":{"pr_description-0":{"type":"des","settings":{"title":"Description"}},"pr_description-1":{"type":"add","settings":{"title":"Additional Information"}},"pr_description-2":{"type":"rivui","settings":{"title":"Reviews"}}},"block_order":["pr_description-0","pr_description-1","pr_description-2"],"settings":{"show":true,"bgcl":"#ffedfd","bgclmb":"#ffffff","des_w":"3","des_mb":"2","auto":false,"mg":"30px,,30px,","mg_mb":"0,,0,"}},"product-recommendations":{"type":"product-recommendations","settings":{"show":true,"title":"You may also like","sub_title":"","sub_font":"2","style_title":"title_1","ic_tt":"gem","show_clpr":false,"display_type":"3","limit":6,"space":30,"col_pr":"3","col_pr_tb":"3","col_pr_mb":"6","pr_des":"1","show_vendor":false,"use_cdt":false,"round_cd":false,"cdt_des":"1","loop":true,"au_time":0,"au_hover":true,"button":false,"btn_vi":"1","btn_owl":"1","btn_color":"0","dot":false,"dot_owl":"1","dot_color":"1","use_eq_height":false,"image_ratio":"ratio_nt","image_size":"nt_cover","image_position":"8"}},"recently_viewed":{"type":"recently_viewed","settings":{"show":true,"unavailable_prs":"show","title":"Recently viewed products","sub_title":"","sub_font":"2","style_title":"title_1","ic_tt":"gem","show_clpr":false,"limit":6,"sortby":"3","space":30,"col_pr":"3","col_pr_tb":"3","col_pr_mb":"6","pr_des":"1","show_vendor":false,"use_cdt":false,"round_cd":false,"cdt_des":"1","loop":true,"au_time":0,"au_hover":true,"button":false,"btn_vi":"1","btn_owl":"1","btn_color":"0","dot":false,"dot_owl":"1","dot_color":"1","use_eq_height":false,"image_ratio":"ratio_nt","image_size":"nt_cover","image_position":"8"}},"list_cat_heading":{"type":"list_cat_heading","settings":{"shown":true,"parallax":false,"color":"#ffedfd","overlay":100,"padding":100,"bg_pos":"center center","bg_repeat":"no-repeat","bg_size":"cover","bg_att":"scroll"}},"list-collections-template":{"type":"list-collections-template","settings":{"layout":"default","hoverz":true,"cat_design":"1","cat_space":"30","display_type":"all","sort":"alphabetical","col":"4","col_md":"3","col_mb":"6","pr_txt":"products","use_eq_height":true,"image_ratio":"ratio1_1"}},"cart_heading":{"type":"cart_heading","blocks":{"cart_heading-0":{"type":"1","settings":{"title":"Shopping cart"}}},"block_order":["cart_heading-0"],"settings":{"parallax":false,"color":"#ffedfd","overlay":100,"padding":100,"bg_pos":"center center","bg_repeat":"no-repeat","bg_size":"cover","bg_att":"scroll"}},"cart-template":{"type":"cart-template","blocks":{"cart-template-0":{"type":"price","settings":{}},"cart-template-1":{"type":"tax","settings":{}},"cart-template-2":{"type":"agree","settings":{}},"cart-template-3":{"type":"btnck","settings":{}},"cart-template-4":{"type":"btnmr","settings":{}},"cart-template-5":{"type":"img","settings":{"wimg":50}},"cart-template-6":{"type":"btn","settings":{"title":"Return To Shop","url":"","style":"primary tu"}}},"block_order":["cart-template-0","cart-template-1","cart-template-2","cart-template-3","cart-template-4","cart-template-5","cart-template-6"],"settings":{"ajax_enable":true,"calc_ship":true,"show_note":true,"show_rates":false,"show_discount":true,"show_gift_wrap":true}},"cart_upsell":{"type":"cart_upsell","settings":{"show_section":true,"title":"Complete your cart","sub_title":"","style_title":"title_1","ic_tt":"gem","show_clpr":false,"collection":"","limit":6,"space_cat":"30","col_pr":"3","col_pr_tb":"3","col_pr_mb":"6","pr_des":"1","show_vendor":false,"sale_countdown":false,"collection_countdown_style":"dark","use_eq_height":false,"image_ratio":"ratio_nt","image_size":"nt_cover","image_position":"8"}},"blog-heading":{"type":"blog-heading","blocks":{"blog-heading-0":{"type":"1","settings":{}},"blog-heading-1":{"type":"2","settings":{}}},"block_order":["blog-heading-0","blog-heading-1"],"settings":{"shown":true,"image":"","parallax":false,"color":"#000","overlay":54,"padding":50,"bg_pos":"center center","bg_repeat":"no-repeat","bg_size":"cover","bg_att":"scroll"}},"blog-template":{"type":"blog-template","settings":{"shop_des":"default","art_des":"4","limit":5,"space":40,"use_pagination":"default","use_bar_lm":true,"btn_rd":true,"btn_style":"default","date":"date","col_pr":"6","col_pr_tb":"6","col_pr_mb":"12","show_au":false,"show_dt":true,"show_cm":false,"show_tg":true,"cl":"#000000","cl2":"#000000","bg":"#ffedfd","overlay":90,"des_cnt":"1","use_eq_height":true,"image_ratio":"ratio4_3","image_size":"nt_cover","image_position":"8","source":"0","count":true}},"blog-slider":{"type":"blog-slider","settings":{"blog":"","limit":6,"date":"date","col_pr":"4","col_pr_tb":"4","col_pr_mb":"12","show_au":true,"show_dt":true,"loop":false,"au_time":0,"au_hover":true,"button":true,"btn_vi":"1","btn_owl":"1","btn_color":"0","dot":false,"dot_owl":"1","dot_color":"1","cl":"#ffffff","cl2":"#878787","bg":"#000000","overlay":80,"use_eq_height":true,"image_ratio":"ratio4_3","image_size":"nt_cover","image_position":"8","layout":"nt_full"}},"bptf-heading":{"type":"bptf-heading","blocks":{"bptf-heading-0":{"type":"1","settings":{}},"bptf-heading-1":{"type":"2","settings":{}}},"block_order":["bptf-heading-0","bptf-heading-1"],"settings":{"shown":true,"image":"","parallax":false,"color":"#000","overlay":54,"padding":50,"bg_pos":"center center","bg_repeat":"no-repeat","bg_size":"cover","bg_att":"scroll"}},"bptf-template":{"type":"bptf-template","settings":{"ptf_layout":"default","shop_des":"masonry","limit":5,"space":30,"use_pagination":"default","use_bar_lm":true,"btn_rd":true,"btn_style":"default","col_pr":"6","col_pr_tb":"6","col_pr_mb":"12","use_eq_height":false,"image_ratio":"ratio_nt","image_size":"nt_cover","image_position":"8","source":"1","count":true}},"aptf-heading":{"type":"aptf-heading","blocks":{"aptf-heading-0":{"type":"1","settings":{}},"aptf-heading-1":{"type":"2","settings":{}}},"block_order":["aptf-heading-0","aptf-heading-1"],"settings":{"shown":true,"image":"","use_specify_image":true,"parallax":false,"color":"#000","overlay":54,"padding":50,"bg_pos":"center center","bg_repeat":"no-repeat","bg_size":"cover","bg_att":"scroll"}},"aptf-template":{"type":"aptf-template","blocks":{"aptf-template-0":{"type":"content","settings":{}},"aptf-template-1":{"type":"infos","settings":{"cat":true,"author":true,"tags":true}},"aptf-template-2":{"type":"social","settings":{"follow":false,"tooltip":true,"des":"2"}},"aptf-template-3":{"type":"nav","settings":{}},"aptf-template-4":{"type":"related","settings":{"title":"Related Portfolio","t_center":true,"limit":5,"date":"date","col_pr":"4","col_pr_tb":"4","col_pr_mb":"12","loop":false,"au_time":0,"au_hover":true,"button":true,"btn_vi":"2","btn_owl":"1","btn_color":"0","dot":true,"dot_owl":"1","dot_color":"1","use_eq_height":false,"image_ratio":"ratio_nt","image_size":"nt_cover","image_position":"8"}}},"block_order":["aptf-template-0","aptf-template-1","aptf-template-2","aptf-template-3","aptf-template-4"],"settings":{"ptf_layout":"default"}},"pages_heading":{"type":"pages_heading","blocks":{"pages_heading-0":{"type":"1","settings":{}}},"block_order":["pages_heading-0"],"settings":{"parallax":false,"color":"#ffedfd","overlay":100,"padding":100,"bg_pos":"center center","bg_repeat":"no-repeat","bg_size":"cover","bg_att":"scroll"}},"sticky_atc":{"type":"sticky_atc","settings":{"mb":true,"ani":"none","time":6}},"sales_popup":{"type":"sales_popup","settings":{"collection_id":"best-selling","limit":20,"index":false,"product":false,"collection":false,"article":false,"blog":false,"cart":false,"page":false,"pp_type":"2","start_time":5,"start_time_unit":"1000","stay_time":10,"stay_time_unit":"1000","show_cl":true,"show_qv":true,"list_user":"Nathan (California) | Alex (Texas) | Henry (New York) | Kiti (Ohio) | Daniel (Washington) | Hau (California) | Van (Ohio) | Sara (Montana)  | Kate (Georgia)","show_time":true,"list_time":"4 hours ago | 2 hours ago | 45 minutes ago | 1 day ago | 8 hours ago | 10 hours ago | 25 minutes ago | 2 day ago | 5 hours ago | 40 minutes ago","show_verify":true,"des":"1","pp_ani":"anislideInUp","txt1":"purchased","txt2":"Verified"}},"promo_pr_pp":{"type":"promo_pr_pp","settings":{"title":"Wait! Can't find what you're looking for?","sub_title":"Maybe this will help...","sub_font":"2","btn_title":"See all products","style_title":"title_2","ic_tt":"gem","show_clpr":false,"collection_id":"best-selling","limit":8,"col_pr":"4","pr_des":"1","show_vendor":false,"use_cdt":false,"round_cd":false,"cdt_des":"1","loop":true,"au_time":0,"au_hover":true,"button":false,"btn_vi":"1","btn_owl":"1","btn_color":"0","dot":false,"dot_owl":"1","dot_color":"1","use_eq_height":false,"image_ratio":"ratio_nt","image_size":"nt_cover","image_position":"8","index":true,"product":true,"collection":true,"article":false,"blog":false,"cart":false,"page":false,"day_next":1}},"re_upsell":{"type":"re_upsell","settings":{"title":"You may also like","sub_title":"","sub_font":"2","style_title":"title_2","ic_tt":"gem","show_clpr":false,"display_type":"3","limit":6,"space":30,"col_pr":"3","col_pr_tb":"3","col_pr_mb":"6","pr_des":"1","show_vendor":false,"use_cdt":false,"round_cd":false,"cdt_des":"1","use_eq_height":false,"image_ratio":"ratio_nt","image_size":"nt_cover","image_position":"8"}},"page_meta_ntt4":{"type":"page_meta_ntt4","settings":{}},"img_meta_ntt4":{"type":"img_meta_ntt4","settings":{}},"sea_heading":{"type":"sea_heading","blocks":{"sea_heading-0":{"type":"1","settings":{}}},"block_order":["sea_heading-0"],"settings":{"parallax":false,"color":"#ffedfd","overlay":100,"padding":100,"bg_pos":"center center","bg_repeat":"no-repeat","bg_size":"cover","bg_att":"scroll"}},"search_page":{"type":"search_page","settings":{"shop_layout":"default","shop_des":"default","show_col_switch":true,"limit":12,"space":30,"use_pagination":"default","use_bar_lm":true,"btn_rd":true,"btn_style":"default","col_pr":"3","col_pr_tb":"3","col_pr_mb":"6","pr_des":"1","show_vendor":false,"use_cdt":false,"round_cd":false,"cdt_des":"1","use_eq_height":false,"image_ratio":"ratio_nt","image_size":"nt_cover","image_position":"8"}},"cp_heading":{"type":"cp_heading","blocks":{"cp_heading-0":{"type":"2","settings":{"text":"<p>View your compare list<\/p>"}}},"block_order":["cp_heading-0"],"settings":{"parallax":false,"color":"#000000","overlay":54,"padding":50,"bg_pos":"center center","bg_repeat":"no-repeat","bg_size":"cover","bg_att":"scroll"}},"compare_page":{"type":"compare_page","blocks":{"compare_page-0":{"type":"basic","settings":{}},"compare_page-1":{"type":"availability","settings":{"title":"Availability"}},"compare_page-2":{"type":"vendor","settings":{"title":"Vendor"}},"compare_page-3":{"type":"variants","settings":{"title":"Color"}},"b86e1029-5b26-47df-b97b-869ff9f19d60":{"type":"variants","settings":{"title":"size"}},"compare_page-4":{"type":"btn","settings":{"title":"Return To Shop","style":"primary tu"}}},"block_order":["compare_page-0","compare_page-1","compare_page-2","compare_page-3","b86e1029-5b26-47df-b97b-869ff9f19d60","compare_page-4"],"settings":{}},"nt_filter2":{"type":"nt_filter2","blocks":{"nt_filter2-0":{"type":"title","settings":{"hidden_block":false,"title":"By Title"}},"nt_filter2-1":{"type":"price","settings":{"hidden_block":false,"title":"By Price"}},"nt_filter2-2":{"type":"variants","settings":{"hidden_block":false,"count":true,"title":"By Size","key":"Size","style":"ck"}},"nt_filter2-3":{"type":"color","settings":{"hidden_block":false,"count":true,"title":"By Color","key":"Color"}},"nt_filter2-4":{"type":"vendor","settings":{"hidden_block":false,"count":true,"title":"By Vendor","style":"ck"}},"nt_filter2-5":{"type":"available","settings":{"hidden_block":false,"count":true,"title":"Product status"}}},"block_order":["nt_filter2-0","nt_filter2-1","nt_filter2-2","nt_filter2-3","nt_filter2-4","nt_filter2-5"],"settings":{}},"wis_heading":{"type":"wis_heading","blocks":{"wis_heading-0":{"type":"2","settings":{"text":"<p>View your wishlist products<\/p>"}}},"block_order":["wis_heading-0"],"settings":{"parallax":false,"color":"#000","overlay":54,"padding":50,"bg_pos":"center center","bg_repeat":"no-repeat","bg_size":"cover","bg_att":"scroll"}},"wishlist_page":{"type":"wishlist_page","blocks":{"wishlist_page-0":{"type":"btn","settings":{"title":"Return To Shop","style":"primary tu"}}},"block_order":["wishlist_page-0"],"settings":{"shop_layout":"default","show_col_switch":true,"limit":12,"space":30,"use_pagination":"default","use_bar_lm":true,"btn_rd":true,"btn_style":"default","col_pr":"3","col_pr_tb":"3","col_pr_mb":"6","pr_des":"1","show_vendor":false,"use_cdt":false,"round_cd":false,"cdt_des":"1","use_eq_height":false,"image_ratio":"ratio_nt","image_size":"nt_cover","image_position":"8"}},"sidebar_shop2":{"type":"sidebar_shop2","blocks":{"sidebar_shop2-0":{"type":"title","settings":{"hidden_block":false,"title":"By Title"}},"sidebar_shop2-1":{"type":"price","settings":{"hidden_block":false,"title":"By Price"}},"sidebar_shop2-2":{"type":"variants","settings":{"hidden_block":false,"count":true,"title":"By Size","key":"Size","style":"ck"}},"sidebar_shop2-3":{"type":"color","settings":{"hidden_block":false,"count":true,"title":"By Color","key":"Color"}},"sidebar_shop2-4":{"type":"vendor","settings":{"hidden_block":false,"count":true,"title":"By Vendor","style":"ck"}},"sidebar_shop2-5":{"type":"available","settings":{"hidden_block":false,"count":true,"title":"Product status"}}},"block_order":["sidebar_shop2-0","sidebar_shop2-1","sidebar_shop2-2","sidebar_shop2-3","sidebar_shop2-4","sidebar_shop2-5"],"settings":{}},"sidebar_shop":{"type":"sidebar_shop","settings":{}},"contact_heading":{"type":"contact_heading","blocks":{"contact_heading-0":{"type":"1","settings":{}}},"block_order":["contact_heading-0"],"settings":{"image":"shopify:\/\/shop_images\/Contact_Us.jpg","parallax":false,"color":"#ffedfd","overlay":50,"padding":100,"bg_pos":"center center","bg_repeat":"no-repeat","bg_size":"cover","bg_att":"scroll"}},"us_heading":{"type":"us_heading","blocks":{"us_heading-0":{"type":"1","settings":{"title":"ABOUT US"}},"us_heading-1":{"type":"2","settings":{"text":""}}},"block_order":["us_heading-0","us_heading-1"],"settings":{"image":"shopify:\/\/shop_images\/About_Us_Banner.jpg","parallax":false,"color":"#ffedfd","overlay":54,"padding":100,"bg_pos":"center center","bg_repeat":"no-repeat","bg_size":"cover","bg_att":"scroll"}},"page_about_us":{"type":"page_about_us","blocks":{"page_about_us-0":{"type":"1","settings":{"title":"OUR MISSION","content":"Our humble mission is to enhance the personal hygiene experience by delivering high-quality, sustainable, and accessible products that prioritise the health, comfort, and well-being of our customers. We strive to consistently deliver exceptional customer service, continuously improve our products and packaging, and actively engage in initiatives that positively impact our communities and the environment. \nEssentially, \nTo be providers of top-notch quality personal hygiene care products for everyone to cherish!","al":"txtn","cl":"6","cl_mb":"12"}},"page_about_us-1":{"type":"1","settings":{"title":"OUR VISION","content":"Our vision is to empower individuals to confidently embrace their daily routines and feel their best by providing innovative and trustworthy personal hygiene products that promote health, comfort, and self-care. Essentially, to create & curate the highest quality of affordable hygiene products in a way that they are delivered to you with  love & ultimate care!","al":"txtn","cl":"6","cl_mb":"12"}},"page_about_us-4":{"type":"2","settings":{"title":"Smart Hygeia is an ISO 9001:2015, CE & GMP certified firm that deals in personal and intimate hygiene products. Our manufacturing facility is located at Nagpur.\nSmart Hygeia, founded in 2015 by Varun Toshniwal and Adesh Birla, has one clear goal: to create the best, most hygienic products to help women, children, and adults in their daily lives. It is our dream to provide the best available hygiene products at affordable prices to people of all age groups. And we strive to make this dream a reality every single day."}}},"block_order":["page_about_us-0","page_about_us-1","page_about_us-4"],"settings":{}},"header_1":{"type":"header_1","settings":{"height":62}},"header_2":{"type":"header_2","blocks":{"header_2-0":{"type":"simple","settings":{"title":"Heading 1","url":"#","open_link":"_self","icon":"","cus_cl":false,"cl":"#ec0101","lb":"","lb_cl":""}},"header_2-1":{"type":"logo","settings":{}},"header_2-2":{"type":"simple","settings":{"title":"Heading 2","url":"#","open_link":"_self","icon":"","cus_cl":false,"cl":"#ec0101","lb":"","lb_cl":""}}},"block_order":["header_2-0","header_2-1","header_2-2"],"settings":{"height":62,"arrow":false,"source":"1","txt":"Welcome to our store!","social":"2","align":"tc","hover":"hover_side_up"}},"header_4":{"type":"header_4","blocks":{"header_4-0":{"type":"simple","settings":{"title":"Heading 1","url":"#","open_link":"_self","icon":"","cus_cl":false,"cl":"#ec0101","lb":"","lb_cl":""}},"header_4-1":{"type":"simple","settings":{"title":"Heading 2","url":"#","open_link":"_self","icon":"","cus_cl":false,"cl":"#ec0101","lb":"","lb_cl":""}}},"block_order":["header_4-0","header_4-1"],"settings":{"height":62,"height_2":63,"arrow":false,"border":true,"color":"#ececec","source":"1","txt":"Welcome to our store!","social":"2","align":"tc","hover":"hover_side_up"}},"header_5":{"type":"header_5","blocks":{"header_5-0":{"type":"simple","settings":{"title":"Heading 1","url":"#","open_link":"_self","icon":"","cus_cl":false,"cl":"#ec0101","lb":"","lb_cl":""}},"header_5-1":{"type":"simple","settings":{"title":"Heading 2","url":"#","open_link":"_self","icon":"","cus_cl":false,"cl":"#ec0101","lb":"","lb_cl":""}}},"block_order":["header_5-0","header_5-1"],"settings":{"height":62,"arrow":false,"align":"tl","hover":"hover_side_up"}},"header_6":{"type":"header_6","settings":{"height":62,"source":"2","txt":"Welcome to our store!","social":"2"}},"header_7":{"type":"header_7","blocks":{"header_7-0":{"type":"menu","settings":{"title":"Heading 1","url":"#","open_link":"_self","menu":"","icon":"","cus_cl":false,"cl":"#ec0101","lb":"","lb_cl":""}},"header_7-1":{"type":"menu","settings":{"title":"Heading 2","url":"#","open_link":"_self","menu":"","icon":"","cus_cl":false,"cl":"#ec0101","lb":"","lb_cl":""}}},"block_order":["header_7-0","header_7-1"],"settings":{"show_currencies":true,"source":"2","txt":"Welcome to our store!","social":"2"}},"header_8":{"type":"header_8","blocks":{"header_8-0":{"type":"simple","settings":{"title":"Heading 1","url":"#","open_link":"_self","icon":"","cus_cl":false,"cl":"#ec0101","lb":"","lb_cl":""}},"header_8-1":{"type":"simple","settings":{"title":"Heading 2","url":"#","open_link":"_self","icon":"","cus_cl":false,"cl":"#ec0101","lb":"","lb_cl":""}}},"block_order":["header_8-0","header_8-1"],"settings":{"height":90,"height_2":50,"arrow":false,"border":true,"color":"#dddddd","align":"tl","hover":"hover_side_up","bg":"#56cfe1","cl_txt":"#fff","text":"<i class=\"las la-phone fs__14\"><\/i> +01 23456789 <i class=\"las la-envelope fs__14 ml__15\"><\/i> <a class=\"cg\" href=\"mailto:kalles@domain.com\">kalles@domain.com<\/a>","shop_cat":true,"txt_cat":"SHOP BY CATEGORY","bgcat":"#007e91","clcat":"#fff"}},"hcat_nav":{"type":"hcat_nav","blocks":{"hcat_nav-0":{"type":"simple","settings":{"title":"Heading 1","url":"#","icons_op":"2","icon":"chair","cus_cl":false,"cl":"#ec0101","lb":"","lb_cl":""}},"hcat_nav-1":{"type":"simple","settings":{"title":"Heading 2","url":"#","icons_op":"2","icon":"chair","cus_cl":false,"cl":"#ec0101","lb":"","lb_cl":""}}},"block_order":["hcat_nav-0","hcat_nav-1"],"settings":{}},"header_9":{"type":"header_9","blocks":{"header_9-0":{"type":"simple","settings":{"title":"Heading 1","url":"#","open_link":"_self","icon":"","cus_cl":false,"cl":"#ec0101","lb":"","lb_cl":""}},"header_9-1":{"type":"simple","settings":{"title":"Heading 2","url":"#","open_link":"_self","icon":"","cus_cl":false,"cl":"#ec0101","lb":"","lb_cl":""}}},"block_order":["header_9-0","header_9-1"],"settings":{"height":92,"arrow":false,"align":"tl","hover":"hover_side_up"}},"header_10":{"type":"header_10","settings":{"height":80}},"761b2127-1dfe-43d6-9189-8b4d428cda34":{"type":"Custom-Slideshow","disabled":true,"blocks":{"10dd9148-5df6-4dae-8997-347264dc54b9":{"type":"Slider","settings":{"image":"shopify:\/\/shop_images\/Group_65.png","heading":"Newly Launched Menstrual Cups at 399 INR only","btn_label_1":"Shop Now","btn_link_1":"#","btn_label_2":"Explore","btn_link_2":"#"}},"c739b273-2356-419e-9d9e-4c86c77982cf":{"type":"Slider","settings":{"image":"shopify:\/\/shop_images\/Group_150.png","heading":"Re-usable & Sustainable Packaging","btn_label_1":"Shop Now","btn_link_1":"#","btn_label_2":"Explore","btn_link_2":"#"}},"d207ed77-50eb-4dba-90cd-6055dbc97bc8":{"type":"Slider","settings":{"image":"shopify:\/\/shop_images\/Group_65.png","heading":"Newly Launched Menstrual Cups at 399 INR only","btn_label_1":"Shop Now","btn_link_1":"#","btn_label_2":"Explore","btn_link_2":"#"}}},"block_order":["10dd9148-5df6-4dae-8997-347264dc54b9","c739b273-2356-419e-9d9e-4c86c77982cf","d207ed77-50eb-4dba-90cd-6055dbc97bc8"],"settings":{}},"c8f751fa-d6e6-4b31-b6ad-9860a4e705eb":{"type":"our-category","blocks":{"67015f4f-64f0-4fdc-bd90-85aeb83054e5":{"type":"Category","settings":{"image1":"shopify:\/\/shop_images\/MC_v1_2.png","heading1":"Menstrual Cups","btn_label_1":"VIEW ALL","btn_link_1":"https:\/\/smarthygeia.com\/search?type=product&options%5Bunavailable_products%5D=last&options%5Bprefix%5D=none&q=Menstrual%20Cups*","image2":"shopify:\/\/shop_images\/Toddles.png","heading2":"Diapers ","btn_label_2":"VIEW ALL","btn_link_2":"\/collections\/diapers","image3":"shopify:\/\/shop_images\/image_65.png","heading3":"Sanitary  Pads","btn_label_3":"VIEW ALL","btn_link_3":"https:\/\/smarthygeia.com\/search?type=product&options%5Bunavailable_products%5D=last&options%5Bprefix%5D=none&q=Sanitary%20Pads*"}}},"block_order":["67015f4f-64f0-4fdc-bd90-85aeb83054e5"],"settings":{"heading":"We believe that everyone deserves to be happier and healthier","subheading":"Our Product Category"}},"56cfe211-92cd-43fa-930f-c62ea6df64ad":{"type":"shop_by_brand","settings":{"heading":"We have Something for All","subheading":"Our Brands"}},"10bea796-52cf-461b-bd11-acd75e587b3f":{"type":"Certfication-section","settings":{"heading":"Certfications","subheading":""}},"a4b7084c-d5e4-46b4-b8b2-3c27447e0d51":{"type":"custom_popup_video","settings":{"heading":"Hello there!","subheading":"Smart Hygeia is a firm that deals in Adult and Infant, personal and  intimate hygiene products. Our manufacturing facility is located at Nagpur.","se_height":"adapt","h_des":"600px","h_tb":"500px","h_mb":"350px","image":"shopify:\/\/shop_images\/Rectangle_10.png","img_align":"center","title":"","text":"","button_label":"","url":"https:\/\/www.youtube.com\/watch?v=kulQKp8OA6c","btn_style":"1","design":"1","text_size":"60,18","caption_w":"2","cap_v_pos":50,"cap_h_pos":50,"txt_align":"tc","use_shadow":false,"cl_h":"#ffffff","cl_sub":"#ffffff","cl_btn":"#ffffff","cl_overlay":"#000000","cl_opacity":0,"layout":"nt_full","use_pr":false,"mg":"0px,,0px,","pd":"","mg_mb":"","pd_mb":""}},"752cea63-f210-44a7-a323-183605a19911":{"type":"Cus-testimonials","blocks":{"abd15f79-a2fb-4666-bed5-e058a6b8cc0a":{"type":"quote","settings":{"image":"shopify:\/\/shop_images\/pngwing.com-removebg-preview.png","content":"<p>The menstrual cups were a great switch for me and their packaging is just so beautiful! <\/p>","title":"Kanchan Tyagi","pos":"Kolkata","rating":5}},"c792cbcd-ebc8-4361-97b5-1bc55efddec9":{"type":"quote","settings":{"image":"shopify:\/\/shop_images\/pngwing.com-removebg-preview.png","content":"<p>One of most Eco-friendly menstrual cup packaging I’ve seen and the quality of their product has me so satisfied.<\/p>","title":"Pragya Agarwal","pos":"Indore","rating":5}},"752cea63-f210-44a7-a323-183605a19911-167855840841505945-0":{"type":"quote","settings":{"image":"shopify:\/\/shop_images\/pngwing.com-removebg-preview.png","content":"<p>The absorbency of their pads is extremely good. Can be used even in days of heavy flow. <\/p>","title":"Harprit Kaur","pos":"Ranchi","rating":5}},"752cea63-f210-44a7-a323-183605a19911-167855840841505945-1":{"type":"quote","settings":{"image":"shopify:\/\/shop_images\/pngwing.com-removebg-preview.png","content":"<p>I am so glad I switched to Savvy. I have been using their pads for a while now and I love how it feels so comfortable. No rashes, pads are super thin and soft on the skin.<\/p>","title":"Riya Agarwal","pos":"Gorakhpur","rating":5}},"752cea63-f210-44a7-a323-183605a19911-167855840841505945-2":{"type":"quote","settings":{"image":"shopify:\/\/shop_images\/pngwing.com-removebg-preview.png","content":"<p>From waking up every couple of hours to sleeping peacefully in the night, periods have now become very comfortable, thanks to Savvy for stain-free and pleasant nights.<\/p>","title":"Deepa Kumari","pos":"Lucknow","rating":5}},"64339d40-3b56-4b4a-afa1-e3c6fabbbe6a":{"type":"quote","settings":{"image":"shopify:\/\/shop_images\/pngwing.com-removebg-preview.png","content":"<p>Their pads are the softest pads I have ever used. Their super-thin pads do not compromise on absorption either. Best for rash-free periods.<\/p>","title":"Priyanka Singh","pos":"Kanpur","rating":5}},"9a073bb3-75e2-4ea0-ba9e-556fb0b672b2":{"type":"quote","settings":{"image":"shopify:\/\/shop_images\/pngwing.com-removebg-preview.png","content":"<p>Ultra Thin is the best pad with a wide back for having a stain-free period. Even for heavy flow, the pads work well. Great absorption and comfort.<\/p>","title":"Simran Verma","pos":"Jaipur","rating":5}},"ae823f3a-4020-463f-a2db-4c4593910e69":{"type":"quote","settings":{"image":"shopify:\/\/shop_images\/pngwing.com-removebg-preview.png","content":"<p>Whenever I am looking for sanitary pads, Savvy is the name that first comes to my mind. Absolutely love their soft and dry pads, perfect for a happy period.<\/p>","title":"Ritika Mittal","pos":"Patna","rating":5}}},"block_order":["abd15f79-a2fb-4666-bed5-e058a6b8cc0a","c792cbcd-ebc8-4361-97b5-1bc55efddec9","752cea63-f210-44a7-a323-183605a19911-167855840841505945-0","752cea63-f210-44a7-a323-183605a19911-167855840841505945-1","752cea63-f210-44a7-a323-183605a19911-167855840841505945-2","64339d40-3b56-4b4a-afa1-e3c6fabbbe6a","9a073bb3-75e2-4ea0-ba9e-556fb0b672b2","ae823f3a-4020-463f-a2db-4c4593910e69"],"settings":{"title":"Testimonials","sub_title":"Words that keep us going!","sub_font":"2","style_title":"title_1","ic_tt":"gem","show_clpr":false,"layout_des":"1","ter_des":"1","col_pr":"4","col_pr_tb":"6","loop":true,"au_time":0,"au_hover":true,"button":false,"btn_vi":"1","btn_owl":"1","btn_color":"0","dot":true,"dot_owl":"2","dot_color":"1","layout":"wrap","cl_bg":"","mg":"50px,,50px,","pd":"","mg_mb":"","pd_mb":""}},"9336ae99-2567-40d9-88b2-6cb618c6593a":{"type":"faq","blocks":{"9336ae99-2567-40d9-88b2-6cb618c6593a-16786061189c857d99-0":{"type":"faq","settings":{"title":"Placed an order! What follows next?","content":"<p>Once your order has been placed, you will get an email and SMS that will be generated automatically. Your Order ID and the anticipated delivery time will be given. <\/p>"}},"9336ae99-2567-40d9-88b2-6cb618c6593a-16786061189c857d99-1":{"type":"faq","settings":{"title":"Can I change my information after I've placed the order?","content":"<p>You have up to two hours to change your contact information or shipping information. Please contact us at <a href=\"mailto:care@smarthygiea.com\" title=\"mailto:care@smarthygiea.com\">care@smarthygiea.com<\/a> so we can assist you. <\/p>"}},"9336ae99-2567-40d9-88b2-6cb618c6593a-16786061189c857d99-2":{"type":"faq","settings":{"title":"After placing an order, can it be changed?","content":"<p>Unfortunately, once you've placed an order, it cannot be changed. You can, however, always add another. We are quick and simple. <\/p>"}},"9336ae99-2567-40d9-88b2-6cb618c6593a-16786061189c857d99-3":{"type":"faq","settings":{"title":"How long will it take for my order to arrive?","content":"<p>We deliver quite quickly. To make you happy, it takes us 3-7 business days. <\/p>"}},"9336ae99-2567-40d9-88b2-6cb618c6593a-16786061189c857d99-4":{"type":"faq","settings":{"title":"What fees apply to a Cash on Delivery Order?","content":"<p>Unfortunately, we don’t have the option of Cash on Delivery.<\/p>"}}},"block_order":["9336ae99-2567-40d9-88b2-6cb618c6593a-16786061189c857d99-0","9336ae99-2567-40d9-88b2-6cb618c6593a-16786061189c857d99-1","9336ae99-2567-40d9-88b2-6cb618c6593a-16786061189c857d99-2","9336ae99-2567-40d9-88b2-6cb618c6593a-16786061189c857d99-3","9336ae99-2567-40d9-88b2-6cb618c6593a-16786061189c857d99-4"],"settings":{"title":"FAQ’s","sub_title":"","sub_font":"1","style_title":"title_1","ic_tt":"gem","show_clpr":false,"faq_des":"2","active_first":true,"use_pr":false,"layout":"nt_boxed","cl_bg":"#ffffff","cl_overlay":"#000000","cl_opacity":0,"section_bg_color":"#ffffff","tt_cl":"#000000","hd_bg":"#ffffff","hd_cl":"#222222","hd_bg_atc":"#00badb","hd_cl_atc":"#000000","btn_bg":"rgba(0,0,0,0)","btn_cl":"#1a1a1a","btn_bg_atc":"rgba(0,0,0,0)","btn_cl_atc":"#000000","ct_bg":"#f0f6f8","ct_cl":"#222222","bd_cl":"#f5f5f5","mg":"","pd":"100px,,100px,","mg_mb":"","pd_mb":"50px,,50px,"}},"acc_heading":{"type":"acc_heading","blocks":{"acc_heading-0":{"type":"1","settings":{}}},"block_order":["acc_heading-0"],"settings":{"parallax":false,"color":"#ffedfd","overlay":100,"padding":100,"bg_pos":"center center","bg_repeat":"no-repeat","bg_size":"cover","bg_att":"scroll"}},"password":{"type":"password","settings":{"use_platform":false,"heading":"Coming Soon!","content":"We are about to go public so be sure to root on us and check back in anytime!<br> Can't wait to have you!","newsletter_placeholder":"Your email address","newsletter_button_text":"Notify me","signup_form_success":"We will send you an email right before we open!","social":"2"}},"faq_heading":{"type":"faq_heading","blocks":{"faq_heading-0":{"type":"1","settings":{}}},"block_order":["faq_heading-0"],"settings":{"image":"shopify:\/\/shop_images\/FAQ_Banner.jpg","parallax":false,"color":"#ffedfd","overlay":54,"padding":100,"bg_pos":"center center","bg_repeat":"no-repeat","bg_size":"cover","bg_att":"scroll"}},"faqs":{"type":"faqs","blocks":{"faqs-0":{"type":"faq","settings":{"title":"Placed an order! What follows next?","content":"<p>Once your order has been placed, you will get an email and SMS that will be generated automatically. Your Order ID and the anticipated delivery time will be given. <\/p>"}},"faqs-1":{"type":"faq","settings":{"title":"Can I change my information after I've placed the order?","content":"<p>You have up to two hours to change your contact information or shipping information. Please contact us at care@smarthygiea.com so we can assist you. <\/p>"}},"faqs-2":{"type":"faq","settings":{"title":"After placing an order, can it be changed?","content":"<p>Unfortunately, once you've placed an order, it cannot be changed. You can, however, always add another. We are quick and simple. <\/p>"}},"faqs-3":{"type":"faq","settings":{"title":"How long will it take for my order to arrive?","content":"<p>We deliver quite quickly. To make you happy, it takes us 3-7 business days. <\/p>"}},"29e14d06-884f-4371-8a6c-dcad9f13d309":{"type":"faq","settings":{"title":"What fees apply to a Cash on Delivery Order?","content":"<p>Unfortunately, we don’t have the option of Cash on Delivery.<\/p>"}}},"block_order":["faqs-0","faqs-1","faqs-2","faqs-3","29e14d06-884f-4371-8a6c-dcad9f13d309"],"settings":{"auto":true,"faq_text":"ORDER & SHIPPING"}},"f6f59378-91af-44d1-afc7-38e7c8823cb8":{"type":"Custom-Slideshow-Image","blocks":{"e357dd81-db74-4f77-ba66-91045e272ba6":{"type":"Slider","settings":{"image":"shopify:\/\/shop_images\/Banner_1_3f5e0cfe-5530-425f-ac1a-8bc19e2d31e9.jpg","btn_link_1":"\/search?type=product&options%5Bunavailable_products%5D=last&options%5Bprefix%5D=none&q=Menstrual%20Cups*","btn_label_2":"","btn_link_2":""}},"c795db81-f2a0-4591-830b-8ef48b57de5a":{"type":"Slider","settings":{"image":"shopify:\/\/shop_images\/Banner_3_1_9ce74f03-5d5b-4098-93d4-e5a6d121a165.jpg","btn_link_1":"\/search?type=product&options%5Bunavailable_products%5D=last&options%5Bprefix%5D=none&q=Menstrual%20Cups*","btn_label_2":"","btn_link_2":""}},"add43c86-4693-46ae-ac38-a780a20d03dd":{"type":"Slider","settings":{"image":"shopify:\/\/shop_images\/Banner_5_fb093f5f-b0d1-4867-8cfe-c1c8e3c5bc05.jpg","btn_link_1":"\/collections\/combos","btn_label_2":"","btn_link_2":""}},"8f6870ad-fca3-4d42-a38d-7f8b298605fc":{"type":"Slider","settings":{"image":"shopify:\/\/shop_images\/Banner_2_7643fef4-d2c3-4cbb-a3da-0724f4a86a8f.jpg","btn_link_1":"\/search?type=product&options%5Bunavailable_products%5D=last&options%5Bprefix%5D=none&q=Menstrual%20Cups*","btn_label_2":"","btn_link_2":""}},"931cf22e-d895-4b25-84ee-56f48498d1c8":{"type":"Slider","settings":{"image":"shopify:\/\/shop_images\/Banner_4_07a3874c-fa1d-4006-9f16-b779f3bd9b72.jpg","btn_link_1":"\/search?type=product&options%5Bunavailable_products%5D=last&options%5Bprefix%5D=none&q=Menstrual%20Cups*","btn_label_2":"","btn_link_2":""}}},"block_order":["e357dd81-db74-4f77-ba66-91045e272ba6","c795db81-f2a0-4591-830b-8ef48b57de5a","add43c86-4693-46ae-ac38-a780a20d03dd","8f6870ad-fca3-4d42-a38d-7f8b298605fc","931cf22e-d895-4b25-84ee-56f48498d1c8"],"settings":{}},"5eae526c-4ad2-4170-aa52-702459e9af4f":{"type":"CRS-Gallery","blocks":{"6d79044e-9f34-4b68-a6b8-4c2fa105f14c":{"type":"Item","settings":{"image":"shopify:\/\/shop_images\/Rectangle_483.jpg","heading":"Rozetta Club (Women’s day celebration)"}},"d0736133-0846-45cd-b695-a5a53289db7c":{"type":"Item","settings":{"image":"shopify:\/\/shop_images\/Rectangle_480.jpg","heading":"Aspire International School (Marathi language Pride day celebration)"}},"2f947bbe-dd20-4915-8cba-a098013de251":{"type":"Item","settings":{"image":"shopify:\/\/shop_images\/Rectangle_479.jpg","heading":"Aspire International School"}},"d6d06183-5f4a-4fb7-871f-dac15177ff6a":{"type":"Item","settings":{"image":"shopify:\/\/shop_images\/Rectangle_478.jpg","heading":"Aspire International School (Marathi language Pride day celebration)"}},"144a3f97-5c3f-44d6-badb-ececa19cba06":{"type":"Item","settings":{"image":"shopify:\/\/shop_images\/Rectangle_481.jpg","heading":"Rozetta Club (Women’s day celebration)"}},"d6b9c067-d4b5-4299-9894-99f86e1a5603":{"type":"Item","settings":{"image":"shopify:\/\/shop_images\/Rectangle_482.jpg","heading":"Aspire International School (Marathi language Pride day celebration)"}}},"block_order":["6d79044e-9f34-4b68-a6b8-4c2fa105f14c","d0736133-0846-45cd-b695-a5a53289db7c","2f947bbe-dd20-4915-8cba-a098013de251","d6d06183-5f4a-4fb7-871f-dac15177ff6a","144a3f97-5c3f-44d6-badb-ececa19cba06","d6b9c067-d4b5-4299-9894-99f86e1a5603"],"settings":{"heading":"Elated to be a part of the community"}},"e0b5b7fc-b972-486b-8441-1b2a60130ddd":{"type":"Influencer-videos","blocks":{"9895971f-fe70-40ba-b846-5bbf6e3f85c9":{"type":"Item","settings":{"video_url":"https:\/\/cdn.shopify.com\/videos\/c\/o\/v\/9c5883df6133463cb006c69962136173.mp4","img_cus_url":"shopify:\/\/shop_images\/Influencer_Banner.png"}},"cdd44c27-8795-41c8-b3ba-3254657f04f5":{"type":"Item","settings":{"video_url":"https:\/\/cdn.shopify.com\/videos\/c\/o\/v\/e550e918710140dd9fa0632eb8e4b18d.mp4","img_cus_url":"shopify:\/\/shop_images\/WhatsApp_Image_2023-04-01_at_4.27.20_PM.jpg"}}},"block_order":["9895971f-fe70-40ba-b846-5bbf6e3f85c9","cdd44c27-8795-41c8-b3ba-3254657f04f5"],"settings":{"heading":"Hear what people say!"}},"CRS-Gallery":{"type":"CRS-Gallery","blocks":{"4ade3af7-4d04-43f8-bfec-37b42df19515":{"type":"Item","settings":{"image":"shopify:\/\/shop_images\/Rectangle_483.jpg","heading":"Rozetta Club (Women’s day celebration)"}},"4bccfaf3-abf1-4981-b22a-3b3a4fb9411e":{"type":"Item","settings":{"image":"shopify:\/\/shop_images\/IMG20221217102922.jpg","heading":"Large health camp in Chhalera village,Noida"}},"e3588a80-85cb-44e2-b6af-e9509fcd23ab":{"type":"Item","settings":{"image":"shopify:\/\/shop_images\/Rectangle_480.jpg","heading":"Aspire International School (Marathi language Pride day celebration)"}},"8b46c2be-4045-4d43-acc9-ab6c2d7f8d42":{"type":"Item","settings":{"image":"shopify:\/\/shop_images\/IMG20221217114517.jpg","heading":"Large health camp in Chhalera village,Noida"}},"469243f3-901b-4c35-bdfb-01d484b6e09c":{"type":"Item","settings":{"image":"shopify:\/\/shop_images\/IMG20221217105630.jpg","heading":"Large health camp in Chhalera village,Noida"}},"b7ac50aa-f0d7-4138-be88-97e2b2501206":{"type":"Item","settings":{"image":"shopify:\/\/shop_images\/Rectangle_479.jpg","heading":"Aspire International School"}},"c7dace9b-50ee-4216-8c3f-3446a2a90167":{"type":"Item","settings":{"image":"shopify:\/\/shop_images\/WhatsApp_Image_2023-03-15_at_11.20.22_AM_2.jpg","heading":"Karkar Model Sahibadad industrial area,Ghaziabad(Menstrual Literacy and free sanitary pad distribution camp)"}},"1533999c-b1a7-4857-bfba-c3040848e87c":{"type":"Item","settings":{"image":"shopify:\/\/shop_images\/Rectangle_478.jpg","heading":"Aspire International School (Marathi language Pride day celebration)"}},"da86a70f-dee9-4c15-b4f5-f7f4f3969dcc":{"type":"Item","settings":{"image":"shopify:\/\/shop_images\/Rectangle_481.jpg","heading":"Rozetta Club (Women’s day celebration)"}},"c26db022-152d-48f5-9de5-433dee586fd4":{"type":"Item","settings":{"image":"shopify:\/\/shop_images\/IMG20221217114824.jpg","heading":"Large health camp in Chhalera village,Noida"}},"19dacda3-2107-489b-aa95-73a0928179b1":{"type":"Item","settings":{"image":"shopify:\/\/shop_images\/Rectangle_482.jpg","heading":"Aspire International School (Marathi language Pride day celebration)"}},"c4fc06a3-4707-4aa7-bcd5-5e56dd939e0e":{"type":"Item","settings":{"image":"shopify:\/\/shop_images\/WhatsApp_Image_2023-03-15_at_11.20.23_AM_1.jpg","heading":"Karkar Model Sahibadad industrial area,Ghaziabad(Menstrual Literacy and free sanitary pad distribution camp)"}},"f5fa9cf2-8887-43b7-ab03-42e0c90791b9":{"type":"Item","settings":{"image":"shopify:\/\/shop_images\/WhatsApp_Image_2023-03-15_at_11.59.12_AM.jpg","heading":"Karkar Model Sahibadad industrial area,Ghaziabad(Menstrual Literacy and free sanitary pad distribution camp)"}},"78599387-9efa-47db-b629-9773603d4630":{"type":"Item","settings":{"image":"shopify:\/\/shop_images\/WhatsApp_Image_2023-03-15_at_11.20.28_AM_2.jpg","heading":"Karkar Model Sahibadad industrial area,Ghaziabad(Menstrual Literacy and free sanitary pad distribution camp)"}},"13d46428-a5ca-48f2-8d70-0dee9c06931a":{"type":"Item","settings":{"image":"shopify:\/\/shop_images\/WhatsApp_Image_2023-03-15_at_11.20.19_AM_1.jpg","heading":"Karkar Model Sahibadad industrial area,Ghaziabad(Menstrual Literacy and free sanitary pad distribution camp)"}}},"block_order":["4ade3af7-4d04-43f8-bfec-37b42df19515","4bccfaf3-abf1-4981-b22a-3b3a4fb9411e","e3588a80-85cb-44e2-b6af-e9509fcd23ab","8b46c2be-4045-4d43-acc9-ab6c2d7f8d42","469243f3-901b-4c35-bdfb-01d484b6e09c","b7ac50aa-f0d7-4138-be88-97e2b2501206","c7dace9b-50ee-4216-8c3f-3446a2a90167","1533999c-b1a7-4857-bfba-c3040848e87c","da86a70f-dee9-4c15-b4f5-f7f4f3969dcc","c26db022-152d-48f5-9de5-433dee586fd4","19dacda3-2107-489b-aa95-73a0928179b1","c4fc06a3-4707-4aa7-bcd5-5e56dd939e0e","f5fa9cf2-8887-43b7-ab03-42e0c90791b9","78599387-9efa-47db-b629-9773603d4630","13d46428-a5ca-48f2-8d70-0dee9c06931a"],"settings":{"heading":""}},"timeline-section":{"type":"timeline-section","settings":{"heading":"","subheading":""}},"faqs1":{"type":"faqs1","blocks":{"faqs1-0":{"type":"faq","settings":{"title":"What is a menstrual cup?","content":"<p>A menstrual cup is a small, bell-shaped cup that a person can insert into their vagina to collect menstrual blood during  their period. Savvy Menstrual Cups are made of 100% UV sterilised medical grade silicon and are reusable.<\/p>"}},"faqs1-1":{"type":"faq","settings":{"title":"Why should I switch to a menstrual cup?","content":"<p>Menstrual cups are robust, reusable, and favourable to the environment, also they are a pocket friendly option over other menstrual products. which significantly lowers the cost associated with having a period.<\/p>"}},"faqs1-2":{"type":"faq","settings":{"title":"Is a menstrual cup safe to insert into my body?","content":"<p>As long as they are inserted with clean hands, removed with care, and cleaned properly, menstrual cups are typically safe. But you might want to use a disposable item, like pads or tampons, if you aren't committed to keeping them clean.<\/p>"}},"faqs1-3":{"type":"faq","settings":{"title":"Can I use a menstrual cup when","content":"<ul><li>I am a virgin\/ sexually inactive<\/li><\/ul><p>Your hymen is part of your anatomy and is a thin skin fold at your vaginal opening. Your hymen isn't a seal, can't be broken, and can look different in different people, just like your ears or nose can. Using a menstrual cup won't affect your virginity or break your hymen. Essentially, Yes, absolutely! Virgins can use menstrual cups just like anyone else!<\/p><ul><li>I’ve never tried tampons before<\/li><\/ul><p>Yes, absolutely. They have no as-such correlation. You could even start using a menstrual cup from your first period. <\/p><ul><li>I am pregnant<\/li><\/ul><p>Obviously, while you’re pregnant you’re not menstruating. After delivery, it’s not unusual to experience bleeding and lochia for even a few weeks postpartum. But, Yes, menstrual cups are a great option to consider after childbirth. <\/p><ul><li>Just had a baby (normal\/ C-section)<\/li><\/ul><p>The simple answer is yes! Irrespective of how the child was delivered you can use a menstrual cup for your regular periods comfortably.<\/p>"}},"8b72d017-8c5c-450c-9d7b-133e17de2444":{"type":"faq","settings":{"title":"How do I clean my cup? How often do you need to clean the menstrual cup? Do I have to sterilise it after each use? Or once at the end of the cycle is enough? Can I sterilise it in a microwave?","content":"<p>Initial Cleaning - Before using your menstrual cup for the first time, it is crucial to sanitise it. <\/p><p>How to do it: <\/p><ol><li>For five to ten minutes, totally submerge the cup in a bowl of boiling water. <\/li><li>Empty the bowl and let the cup sit until it reaches room temperature. <\/li><li>Use warm water and a mild antibacterial soap to wash your hands. <\/li><li>Rinse the cup completely after washing it with a gentle, water-based, oil-free soap. <\/li><li>Use a fresh towel to tap dry the cup. <\/li><\/ol><p>Your cup should be washed before and after every use. <\/p><p>How to Store - You shouldn’t store your cup in an airtight container, because this won’t allow moisture to evaporate. Instead, any moisture present can linger and attract bacteria or fungi. Savvy provides a cotton cloth pouch for easy storage! Caution: If you go to use your cup and find that it appears damaged or thin, has a foul-smelling odor, or is discoloured, throw it out. Using the cup in this state may increase your risk of infection.<\/p>"}},"af2c18d3-9d76-4e45-9b5b-05be0fa933c0":{"type":"faq","settings":{"title":"How often do I need to empty the cup?","content":"<p>In general across the cup using community the consensus is you should empty every 6-8 hours or twice a day. If your periods are heavy or the first few days are heavy then you will need to empty more frequently to prevent leaks.<\/p>"}},"b3357955-1337-4116-acb7-ff421de01083":{"type":"faq","settings":{"title":"How often should I replace my cup?","content":"<p>Well, there are a few telltale signs that your menstrual cup has reached the end of its lifespan, including:<\/p><ol><li>Foul odour<\/li><li>Heavy staining<\/li><li>A white powder residue or any flaking on the cup<\/li><li>Any types of tears or cracks in the rim or the stem of the cup<\/li><li>A grainy texture<\/li><li>Sudden leaking where it has not been experienced before<\/li><\/ol><p>But, Savvy Menstrual cups last up to 10 years with proper care!<\/p>"}},"124ee9a3-96a4-4555-99df-3ea35270b3ff":{"type":"faq","settings":{"title":"Which size of the menstrual cup is right for me?","content":"<p>Savvy Menstrual cups come in 3 sizes - Small, Medium & Large. Here are a few tips for you to choose the right cup size: Sometimes it’s hard to know the best one to purchase: <\/p><p>Savvy #SuperGirl - Small size cup can hold up to 25 ml of blood and has a 4.3 cm in diameter at the rim of the cup<\/p><p>Savvy #YesQueen - Medium size cup can hold up to 29 ml of blood and has a 4.4 cm in diameter at the rim of the cup<\/p><p>Savvy #BossLady - Large size cup can hold up to 36 ml of blood and has a 4.6 cm in diameter at the rim of the cup<\/p><p>A smaller cup may be best if you’ve never had intercourse or you’re a teenager using cups for the first tme. If you’ve had a vaginal delivery or have a weak pelvic floor, you may find that a larger cup fits best.<\/p><p>Sometimes, discovering the right size is a matter of trial and error. Read our blog link our blog - Size MATTERS)  to understand better! <\/p>"}},"40392359-2aaa-47c0-9838-e64f9a7cb3bd":{"type":"faq","settings":{"title":"How does a menstrual cup work?","content":"<p>The small, flexible cup is made of medical grade silicon. Instead of absorbing your flow, like a tampon or pad, it catches and collects it. Just before your period begins, tightly fold the menstrual cup and insert it. Used correctly, you shouldn’t feel it. It’s similar to putting a diaphragm or birth control ring in place. Your cup will spring open (you may need to rotate it first) and rest against the walls of your vagina. It forms a seal to prevent leaks. The blood then simply drips into the cup. Savvy menstrual cups are reusable. To remove it, you pull the stem sticking out at the bottom and pinch the base to release the seal and then you can easily pull out.. Then you just empty the cup, rinse it with water and re-insert the cup. And, at the end of your cycle, wash the cup with mild soap and sterilise your cup in boiling water for your next period!<\/p>"}},"12a914fb-3618-4be1-a157-99d90b193a5c":{"type":"faq","settings":{"title":"Does it hurt when using a menstrual cup? Does it feel uncomfortable wearing the cup?","content":"<p>A cup that is too large or long for your body could usually cause pain and discomfort (including cramps) if it is sitting too high up in the vagina or pressuring too hard on the vaginal walls or cervix. What you can do: Measuring your cervix is a good way to help you choose the right size menstrual cup for your body. (You must visit a gynaecologist to figure out the right height) Many people report that a menstrual cup is more comfortable than pads or tampons. Tampons tend to cause vaginal dryness, which is not the case with cups. Fewer cramps: There are some anecdotal reports of people having fewer or less painful menstrual cramps while using a cup. Ergo, it doesn’t feel uncomfortable wearing a cup.<\/p>"}},"8d80af61-92d8-484d-9407-d2514d959c8d":{"type":"faq","settings":{"title":"Are menstrual cups environment-friendly?","content":"<p>Menstrual cups are eco-friendly, reusable, and durable compared to sanitary napkins\/tampons.  Essentially, cups will last for years and generate no waste, no accumulation of plastic, wrappers or bio-waste as opposed to any other menstrual products.<\/p>"}},"428caeb6-6980-407f-adeb-b727fc1063d7":{"type":"faq","settings":{"title":"Does the cup leak when you sleep on your tummy?","content":"<p>Most likely not. Savvy menstrual cups  provide up to 8-10 hours of leak-free protection. Since most people sleep an average of 6-8 hours each night, you shouldn't have to worry about leaking while you sleep. <\/p>"}},"0af7a799-ff4f-45e4-ae6d-09661e4af7bf":{"type":"faq","settings":{"title":"I pass a lot of ‘clots’ – will the cup be able to hold that?","content":"<p>Okay. Firstly, The hormones in your body cause the lining of your uterus to shed during menstruation and small blood vessels leak during this procedure. Plasma and platelets work together to build blood clots to keep your body from losing too much blood.<\/p><p>When you have a certain volume of blood sitting around, blood clots will develop. Blood clots are expected to form in some cases, such as when you cut yourself, but when it comes to period clots, though, if you're having a lot of bleeding, it gathers inside your uterus and forms a clot while it lies there. This is completely normal. <\/p><p>Now, A menstrual cup is designed with a lot of capacity to hold period blood and it fairs very well against heavy bleeding. A menstrual cup is more than capable of holding normal clots without overflowing. However, if you notice your cup leaking multiple times and there are big, abnormal clots sitting in them, it may be time to move up a cup size and consult a gynaecologist.<\/p>"}},"90b5a579-d936-4a96-b172-8b51eb52b170":{"type":"faq","settings":{"title":"How do I remove the cup?","content":"<p>Firstly, wash your hands and take a deep breath! Now, you need to gently pull the stem in order to reach the base. Once you can feel the base, pinch it to break the seal. Then slowly pull down until the cup comes out, continuing to pinch the base to avoid spills and make the process more comfortable.<\/p>"}},"4caec343-25ad-43f7-ac8b-9a213276e225":{"type":"faq","settings":{"title":"Does a cup lose its elasticity and shape after multiple uses?","content":"<p>Savvy Menstrual cups are super durable and do not thin out after multiple use, or lose their elasticity if they are cared for in a proper manner. <\/p>"}},"637fbec2-2db1-44ad-a72f-fa97b95a2112":{"type":"faq","settings":{"title":"Can I use it in pre-menopausal years when the flow is high and irregular?","content":"<p>Yes, definitely.Savvy menstrual cups are designed to hold a good amount of your flow and can really help you become comfortable in those formative years. <\/p>"}},"1dceb106-7fc0-4ef1-9389-a314e2843f05":{"type":"faq","settings":{"title":"Can a cup get lost inside me or stuck?","content":"<p>First and foremost, your menstrual cup can’t get lost or stuck inside your vagina, there is a way you’ll get it out. Just calm down and reach up your vagina and pinch the stem and pull on that. It’s possible you may think it is stuck and you can’t get it out - but trust us, it will come out! It could be possible that you have a short cervix and you’re using a small menstrual cup and hence it feels like it. Thus, choose the right size! <\/p>"}},"9d0b2658-d085-448b-8825-32124797de84":{"type":"faq","settings":{"title":"Can I go to the bathroom with a cup in?","content":"<p>Yes! It depends on your unique anatomy, whether or not you may have to do some adjusting to your menstrual cup before or after going to the bathroom. Since our pee & poop-holes are placed at different openings in our pelvic anatomy than where we insert our menstrual cup. Hence, both urinating and having a bowel movement while wearing your menstrual cup is possible. <\/p>"}},"5cb1a6c7-ab3f-41e5-b372-ef5daaa9ed74":{"type":"faq","settings":{"title":"Can I wear the cup while running or exercise?","content":"<p>Yes! There are many advantages to wearing a menstrual cup when you're participating in sports or any physical activity. On average, menstrual cups hold more blood than disposable period products. They can also be worn for a lot longer, up to 8-10 hours. So, go for it ladies! <\/p>"}},"595beaa9-712d-4dcf-8563-dfeb6f671771":{"type":"faq","settings":{"title":"Do I need more than one size\/model of cup for different days of my cycle?","content":"<p>Generally speaking one cup will work for an entire cycle. In some cases a person will opt to have two cups either because their cervical height changes drastically or their flow is extremely heavy at one point of their cycle.<\/p>"}},"2d69ea72-24fa-4503-ba5b-0ccc82bb469d":{"type":"faq","settings":{"title":"Can I use a menstrual cup if I have an IUD?","content":"<p>Yes. Because a menstrual cup sits inside the vagina while an IUD or an Intrauterine device  is placed inside the uterine cavity they shouldn’t interfere with one another.<\/p>"}}},"block_order":["faqs1-0","faqs1-1","faqs1-2","faqs1-3","8b72d017-8c5c-450c-9d7b-133e17de2444","af2c18d3-9d76-4e45-9b5b-05be0fa933c0","b3357955-1337-4116-acb7-ff421de01083","124ee9a3-96a4-4555-99df-3ea35270b3ff","40392359-2aaa-47c0-9838-e64f9a7cb3bd","12a914fb-3618-4be1-a157-99d90b193a5c","8d80af61-92d8-484d-9407-d2514d959c8d","428caeb6-6980-407f-adeb-b727fc1063d7","0af7a799-ff4f-45e4-ae6d-09661e4af7bf","90b5a579-d936-4a96-b172-8b51eb52b170","4caec343-25ad-43f7-ac8b-9a213276e225","637fbec2-2db1-44ad-a72f-fa97b95a2112","1dceb106-7fc0-4ef1-9389-a314e2843f05","9d0b2658-d085-448b-8825-32124797de84","5cb1a6c7-ab3f-41e5-b372-ef5daaa9ed74","595beaa9-712d-4dcf-8563-dfeb6f671771","2d69ea72-24fa-4503-ba5b-0ccc82bb469d"],"settings":{"auto":true,"faq_text":"MENSTRUAL CUPS"}},"faqs2":{"type":"faqs2","blocks":{"faqs2-0":{"type":"faq","settings":{"title":"How do I get a discount?","content":"<p>To help you get the greatest deals on your favourite Smart Hygeia Products, we provide a variety of discount coupons. Choose carefully as you can only use one coupon code per order.<\/p>"}}},"block_order":["faqs2-0"],"settings":{"auto":true,"faq_text":"OFFERS\/DISCOUNTS"}},"faqs3":{"type":"faqs3","blocks":{"faqs3-0":{"type":"faq","settings":{"title":"Lorem ipsum dolor sit amet","content":"<p>Lorem ipsum dolor sit amet, consectetur adipiscing elit. Phasellus sed eros congue, eleifend ipsum vitae, cursus massa. Vivamus imperdiet luctus lorem. <\/p>"}},"faqs3-1":{"type":"faq","settings":{"title":"Lorem ipsum dolor sit amet","content":"<p>Lorem ipsum dolor sit amet, consectetur adipiscing elit. Phasellus sed eros congue, eleifend ipsum vitae, cursus massa. Vivamus imperdiet luctus lorem. <\/p>"}},"faqs3-2":{"type":"faq","settings":{"title":"Lorem ipsum dolor sit amet","content":"<p>Lorem ipsum dolor sit amet, consectetur adipiscing elit. Phasellus sed eros congue, eleifend ipsum vitae, cursus massa. Vivamus imperdiet luctus lorem. <\/p>"}},"faqs3-3":{"type":"faq","settings":{"title":"Lorem ipsum dolor sit amet","content":"<p>Lorem ipsum dolor sit amet, consectetur adipiscing elit. Phasellus sed eros congue, eleifend ipsum vitae, cursus massa. Vivamus imperdiet luctus lorem. <\/p>"}}},"block_order":["faqs3-0","faqs3-1","faqs3-2","faqs3-3"],"settings":{"auto":true,"faq_text":""}}},"content_for_index":["f6f59378-91af-44d1-afc7-38e7c8823cb8","761b2127-1dfe-43d6-9189-8b4d428cda34","c8f751fa-d6e6-4b31-b6ad-9860a4e705eb","56cfe211-92cd-43fa-930f-c62ea6df64ad","10bea796-52cf-461b-bd11-acd75e587b3f","a4b7084c-d5e4-46b4-b8b2-3c27447e0d51","1581505838591","1581507980761","1581507993250","1581530479619","752cea63-f210-44a7-a323-183605a19911","e0b5b7fc-b972-486b-8441-1b2a60130ddd","5eae526c-4ad2-4170-aa52-702459e9af4f","9336ae99-2567-40d9-88b2-6cb618c6593a","1581508031759"],"blocks":{"319724205969189013":{"type":"shopify:\/\/apps\/hulk-form-builder\/blocks\/app-embed\/b6b8dd14-356b-4725-a4ed-77232212b3c3","disabled":false,"settings":{}}}}}